Workbook

Sheet Resumen_anual
A1: Año | B1: n hogares E1–6 | C1: Suscriptores dic | D1: % AC postestratificado | E1: EE (pp) | F1: IC95 ± (pp) | G1: IC95 inf | H1: IC95 sup | I1: % AC pesos ECV (crudo) | J1: Diferencia vs 2019 (pp) | K1: z vs 2019 | L1: Efecto tasas vs 2019 (pp) | M1: Efecto composición vs 2019 (pp) | N1: IC95 ± Agresti–Coull (pp) | O1: % ventilador postestr. | P1: % nevera postestr.
A2: 2018 | B2: =SUMIFS(Detalle_estrato!$C:$C,Detalle_estrato!$A:$A,$A2) -> 954 | C2: =SUMIFS(Detalle_estrato!$G:$G,Detalle_estrato!$A:$A,$A2) -> 300745 | D2: =SUMIFS(Detalle_estrato!$I:$I,Detalle_estrato!$A:$A,$A2) -> 0.34812589 | E2: =SQRT(SUMIFS(Detalle_estrato!$J:$J,Detalle_estrato!$A:$A,$A2)) -> 0.013765565 | F2: =1.96*E2 -> 0.026980507 | G2: =D2-F2 -> 0.32114539 | H2: =D2+F2 -> 0.3751064 | I2: 0.33953382 | J2: =D2-$D$3 -> 0.015522611 | K2: =J2/SQRT(E2^2+$E$3^2) -> 0.78299027 | L2: 0.020638291 | M2: -0.0051156802 | N2: 0.026831439 | O2: =SUMIFS(Detalle_estrato!$K:$K,Detalle_estrato!$A:$A,$A2) -> 0.99122195 | P2: =SUMIFS(Detalle_estrato!$M:$M,Detalle_estrato!$A:$A,$A2) -> 0.9376297
A3: 2019 | B3: =SUMIFS(Detalle_estrato!$C:$C,Detalle_estrato!$A:$A,$A3) -> 957 | C3: =SUMIFS(Detalle_estrato!$G:$G,Detalle_estrato!$A:$A,$A3) -> 319399 | D3: =SUMIFS(Detalle_estrato!$I:$I,Detalle_estrato!$A:$A,$A3) -> 0.33260328 | E3: =SQRT(SUMIFS(Detalle_estrato!$J:$J,Detalle_estrato!$A:$A,$A3)) -> 0.014266435 | F3: =1.96*E3 -> 0.027962214 | G3: =D3-F3 -> 0.30464107 | H3: =D3+F3 -> 0.3605655 | I3: 0.30923088 | J3: =D3-$D$3 -> 0 | L3: 0 | M3: 0 | N3: 0.027819008 | O3: =SUMIFS(Detalle_estrato!$K:$K,Detalle_estrato!$A:$A,$A3) -> 0.97049591 | P3: =SUMIFS(Detalle_estrato!$M:$M,Detalle_estrato!$A:$A,$A3) -> 0.91002506
A4: 2020 | B4: =SUMIFS(Detalle_estrato!$C:$C,Detalle_estrato!$A:$A,$A4) -> 716 | C4: =SUMIFS(Detalle_estrato!$G:$G,Detalle_estrato!$A:$A,$A4) -> 323568 | D4: =SUMIFS(Detalle_estrato!$I:$I,Detalle_estrato!$A:$A,$A4) -> 0.41309632 | E4: =SQRT(SUMIFS(Detalle_estrato!$J:$J,Detalle_estrato!$A:$A,$A4)) -> 0.013910268 | F4: =1.96*E4 -> 0.027264126 | G4: =D4-F4 -> 0.38583219 | H4: =D4+F4 -> 0.44036045 | I4: 0.36264255 | J4: =D4-$D$3 -> 0.080493038 | K4: =J4/SQRT(E4^2+$E$3^2) -> 4.0396937 | L4: 0.076958107 | M4: 0.0035349311 | N4: 0.029053954 | O4: =SUMIFS(Detalle_estrato!$K:$K,Detalle_estrato!$A:$A,$A4) -> 0.98541335 | P4: =SUMIFS(Detalle_estrato!$M:$M,Detalle_estrato!$A:$A,$A4) -> 0.92193817
A5: 2021 | B5: =SUMIFS(Detalle_estrato!$C:$C,Detalle_estrato!$A:$A,$A5) -> 765 | C5: =SUMIFS(Detalle_estrato!$G:$G,Detalle_estrato!$A:$A,$A5) -> 356575 | D5: =SUMIFS(Detalle_estrato!$I:$I,Detalle_estrato!$A:$A,$A5) -> 0.39587563 | E5: =SQRT(SUMIFS(Detalle_estrato!$J:$J,Detalle_estrato!$A:$A,$A5)) -> 0.012990599 | F5: =1.96*E5 -> 0.025461575 | G5: =D5-F5 -> 0.37041406 | H5: =D5+F5 -> 0.42133721 | I5: 0.36280168 | J5: =D5-$D$3 -> 0.063272352 | K5: =J5/SQRT(E5^2+$E$3^2) -> 3.2792545 | L5: 0.061743117 | M5: 0.0015292347 | N5: 0.026334944 | O5: =SUMIFS(Detalle_estrato!$K:$K,Detalle_estrato!$A:$A,$A5) -> 0.9915278 | P5: =SUMIFS(Detalle_estrato!$M:$M,Detalle_estrato!$A:$A,$A5) -> 0.9262798
A6: 2022 | B6: =SUMIFS(Detalle_estrato!$C:$C,Detalle_estrato!$A:$A,$A6) -> 715 | C6: =SUMIFS(Detalle_estrato!$G:$G,Detalle_estrato!$A:$A,$A6) -> 317080 | D6: =SUMIFS(Detalle_estrato!$I:$I,Detalle_estrato!$A:$A,$A6) -> 0.36646071 | E6: =SQRT(SUMIFS(Detalle_estrato!$J:$J,Detalle_estrato!$A:$A,$A6)) -> 0.015630317 | F6: =1.96*E6 -> 0.030635422 | G6: =D6-F6 -> 0.33582528 | H6: =D6+F6 -> 0.39709613 | I6: 0.32345349 | J6: =D6-$D$3 -> 0.033857425 | K6: =J6/SQRT(E6^2+$E$3^2) -> 1.5999022 | L6: 0.027070092 | M6: 0.0067873325 | N6: 0.030691007 | O6: =SUMIFS(Detalle_estrato!$K:$K,Detalle_estrato!$A:$A,$A6) -> 0.97532273 | P6: =SUMIFS(Detalle_estrato!$M:$M,Detalle_estrato!$A:$A,$A6) -> 0.94755352
A7: 2023 | B7: =SUMIFS(Detalle_estrato!$C:$C,Detalle_estrato!$A:$A,$A7) -> 687 | C7: =SUMIFS(Detalle_estrato!$G:$G,Detalle_estrato!$A:$A,$A7) -> 327032 | D7: =SUMIFS(Detalle_estrato!$I:$I,Detalle_estrato!$A:$A,$A7) -> 0.40079861 | E7: =SQRT(SUMIFS(Detalle_estrato!$J:$J,Detalle_estrato!$A:$A,$A7)) -> 0.015965459 | F7: =1.96*E7 -> 0.0312923 | G7: =D7-F7 -> 0.36950631 | H7: =D7+F7 -> 0.43209091 | I7: 0.35596002 | J7: =D7-$D$3 -> 0.068195327 | K7: =J7/SQRT(E7^2+$E$3^2) -> 3.1850737 | L7: 0.063138848 | M7: 0.0050564796 | N7: 0.032028479 | O7: =SUMIFS(Detalle_estrato!$K:$K,Detalle_estrato!$A:$A,$A7) -> 0.98601376 | P7: =SUMIFS(Detalle_estrato!$M:$M,Detalle_estrato!$A:$A,$A7) -> 0.92168277
A8: 2024 | B8: =SUMIFS(Detalle_estrato!$C:$C,Detalle_estrato!$A:$A,$A8) -> 646 | C8: =SUMIFS(Detalle_estrato!$G:$G,Detalle_estrato!$A:$A,$A8) -> 330101 | D8: =SUMIFS(Detalle_estrato!$I:$I,Detalle_estrato!$A:$A,$A8) -> 0.41408348 | E8: =SQRT(SUMIFS(Detalle_estrato!$J:$J,Detalle_estrato!$A:$A,$A8)) -> 0.017036985 | F8: =1.96*E8 -> 0.033392491 | G8: =D8-F8 -> 0.38069099 | H8: =D8+F8 -> 0.44747597 | I8: 0.37147865 | J8: =D8-$D$3 -> 0.081480202 | K8: =J8/SQRT(E8^2+$E$3^2) -> 3.6667469 | L8: 0.075749388 | M8: 0.0057308134 | N8: 0.033478535 | O8: =SUMIFS(Detalle_estrato!$K:$K,Detalle_estrato!$A:$A,$A8) -> 0.98560261 | P8: =SUMIFS(Detalle_estrato!$M:$M,Detalle_estrato!$A:$A,$A8) -> 0.93016598
A9: 2025 | B9: =SUMIFS(Detalle_estrato!$C:$C,Detalle_estrato!$A:$A,$A9) -> 679 | C9: =SUMIFS(Detalle_estrato!$G:$G,Detalle_estrato!$A:$A,$A9) -> 329892 | D9: =SUMIFS(Detalle_estrato!$I:$I,Detalle_estrato!$A:$A,$A9) -> 0.44873336 | E9: =SQRT(SUMIFS(Detalle_estrato!$J:$J,Detalle_estrato!$A:$A,$A9)) -> 0.017706292 | F9: =1.96*E9 -> 0.034704332 | G9: =D9-F9 -> 0.41402903 | H9: =D9+F9 -> 0.48343769 | I9: 0.39185062 | J9: =D9-$D$3 -> 0.11613007 | K9: =J9/SQRT(E9^2+$E$3^2) -> 5.1071778 | L9: 0.10394091 | M9: 0.012189164 | N9: 0.03499702 | O9: =SUMIFS(Detalle_estrato!$K:$K,Detalle_estrato!$A:$A,$A9) -> 0.98560955 | P9: =SUMIFS(Detalle_estrato!$M:$M,Detalle_estrato!$A:$A,$A9) -> 0.95236916
A11: Lectura: % AC postestratificado = Σ W_e·p_e, con W_e = suscriptores SUI del estrato e en diciembre / total E1–E6 y p_e = tasa ECV dentro del estrato.
A12: EE = √Σ W_e²·p_e(1−p_e)/n_e (muestreo simple; el efecto de diseño de la ECV lo ampliaría). z vs 2019 trata ambos años como independientes.
A13: Efecto tasas = Σ W_2019·(p_año − p_2019); efecto composición = Σ (W_año − W_2019)·p_año. Suman la diferencia. Columnas I, L, M, N calculadas en Python (postestrat_anual.py).
A14: 2019 con P1077S11 da 33,3 %; con P5523 (base ECV 2019 del informe) daba 33,5 %. 2020 fue en parte telefónica (pandemia). E5–E6 con n pequeños.
A15: Tendencia lineal ponderada (1/EE²) 2018–2025: +1,2 pp/año (EE 0,24); sin 2020–2021: +1,4 pp/año (EE 0,25).

Sheet Detalle_estrato
A1: Año | B1: Estrato | C1: n hogares ECV | D1: % AC ECV (pond. FEX_C) | E1: % ventilador ECV | F1: % nevera ECV | G1: Suscriptores SUI dic | H1: Peso W | I1: W·p AC | J1: Var AC (W²·p(1−p)/n) | K1: W·p ventilador | L1: Var ventilador | M1: W·p nevera | N1: Var nevera
A2: 2018 | B2: E1 | C2: 385 | D2: 0.099297614 | E2: 0.9879548 | F2: 0.88669231 | G2: 103037 | H2: =G2/SUMIFS($G:$G,$A:$A,A2) -> 0.34260586 | I2: =H2*D2 -> 0.034019945 | J2: =H2^2*D2*(1-D2)/C2 -> 2.726773e-05 | K2: =H2*E2 -> 0.33847911 | L2: =H2^2*E2*(1-E2)/C2 -> 3.6281057e-06 | M2: =H2*F2 -> 0.30378598 | N2: =H2^2*F2*(1-F2)/C2 -> 3.0630999e-05
A3: 2018 | B3: E2 | C3: 198 | D3: 0.30001284 | E3: 0.99393524 | F3: 0.94130742 | G3: 61304 | H3: =G3/SUMIFS($G:$G,$A:$A,A3) -> 0.20384046 | I3: =H3*D3 -> 0.061154757 | J3: =H3^2*D3*(1-D3)/C3 -> 4.4070251e-05 | K3: =H3*E3 -> 0.20260422 | L3: =H3^2*E3*(1-E3)/C3 -> 1.2649901e-06 | M3: =H3*F3 -> 0.19187654 | N3: =H3^2*F3*(1-F3)/C3 -> 1.159392e-05
A4: 2018 | B4: E3 | C4: 166 | D4: 0.34040965 | E4: 1 | F4: 0.94946513 | G4: 68954 | H4: =G4/SUMIFS($G:$G,$A:$A,A4) -> 0.22927729 | I4: =H4*D4 -> 0.078048204 | J4: =H4^2*D4*(1-D4)/C4 -> 7.1103367e-05 | K4: =H4*E4 -> 0.22927729 | L4: =H4^2*E4*(1-E4)/C4 -> 0 | M4: =H4*F4 -> 0.2176908 | N4: =H4^2*F4*(1-F4)/C4 -> 1.5194422e-05
A5: 2018 | B5: E4 | C5: 110 | D5: 0.75235837 | E5: 0.97894039 | F5: 1 | G5: 40501 | H5: =G5/SUMIFS($G:$G,$A:$A,A5) -> 0.13466891 | I5: =H5*D5 -> 0.10131928 | J5: =H5^2*D5*(1-D5)/C5 -> 3.071782e-05 | K5: =H5*E5 -> 0.13183283 | L5: =H5^2*E5*(1-E5)/C5 -> 3.3989794e-06 | M5: =H5*F5 -> 0.13466891 | N5: =H5^2*F5*(1-F5)/C5 -> 0
A6: 2018 | B6: E5 | C6: 32 | D6: 0.70672566 | E6: 1 | F6: 1 | G6: 14567 | H6: =G6/SUMIFS($G:$G,$A:$A,A6) -> 0.048436383 | I6: =H6*D6 -> 0.034231235 | J6: =H6^2*D6*(1-D6)/C6 -> 1.5195618e-05 | K6: =H6*E6 -> 0.048436383 | L6: =H6^2*E6*(1-E6)/C6 -> 0 | M6: =H6*F6 -> 0.048436383 | N6: =H6^2*F6*(1-F6)/C6 -> 0
A7: 2018 | B7: E6 | C7: 63 | D7: 0.9558278 | E7: 0.98593737 | F7: 1 | G7: 12382 | H7: =G7/SUMIFS($G:$G,$A:$A,A7) -> 0.041171092 | I7: =H7*D7 -> 0.039352474 | J7: =H7^2*D7*(1-D7)/C7 -> 1.1359859e-06 | K7: =H7*E7 -> 0.040592118 | L7: =H7^2*E7*(1-E7)/C7 -> 3.7304416e-07 | M7: =H7*F7 -> 0.041171092 | N7: =H7^2*F7*(1-F7)/C7 -> 0
A8: 2019 | B8: E1 | C8: 436 | D8: 0.075856224 | E8: 0.96816273 | F8: 0.83266941 | G8: 108076 | H8: =G8/SUMIFS($G:$G,$A:$A,A8) -> 0.33837301 | I8: =H8*D8 -> 0.025667699 | J8: =H8^2*D8*(1-D8)/C8 -> 1.8409233e-05 | K8: =H8*E8 -> 0.32760013 | L8: =H8^2*E8*(1-E8)/C8 -> 8.0944828e-06 | M8: =H8*F8 -> 0.28175285 | N8: =H8^2*F8*(1-F8)/C8 -> 3.6589197e-05
A9: 2019 | B9: E2 | C9: 155 | D9: 0.25712342 | E9: 0.96612501 | F9: 0.92461643 | G9: 63658 | H9: =G9/SUMIFS($G:$G,$A:$A,A9) -> 0.19930557 | I9: =H9*D9 -> 0.05124613 | J9: =H9^2*D9*(1-D9)/C9 -> 4.8951441e-05 | K9: =H9*E9 -> 0.1925541 | L9: =H9^2*E9*(1-E9)/C9 -> 8.3872519e-06 | M9: =H9*F9 -> 0.18428121 | N9: =H9^2*F9*(1-F9)/C9 -> 1.7862633e-05
A10: 2019 | B10: E3 | C10: 148 | D10: 0.41736461 | E10: 0.97580834 | F10: 0.94008809 | G10: 72967 | H10: =G10/SUMIFS($G:$G,$A:$A,A10) -> 0.22845093 | I10: =H10*D10 -> 0.095347335 | J10: =H10^2*D10*(1-D10)/C10 -> 8.5750497e-05 | K10: =H10*E10 -> 0.22292433 | L10: =H10^2*E10*(1-E10)/C10 -> 8.3244287e-06 | M10: =H10*F10 -> 0.214764 | N10: =H10^2*F10*(1-F10)/C10 -> 1.9861218e-05
A11: 2019 | B11: E4 | C11: 113 | D11: 0.52961647 | E11: 0.98539862 | F11: 0.97359583 | G11: 44774 | H11: =G11/SUMIFS($G:$G,$A:$A,A11) -> 0.14018203 | I11: =H11*D11 -> 0.074242712 | J11: =H11^2*D11*(1-D11)/C11 -> 4.3323131e-05 | K11: =H11*E11 -> 0.13813518 | L11: =H11^2*E11*(1-E11)/C11 -> 2.5021432e-06 | M11: =H11*F11 -> 0.13648064 | N11: =H11^2*F11*(1-F11)/C11 -> 4.4705135e-06
A12: 2019 | B12: E5 | C12: 47 | D12: 0.86747916 | E12: 0.92876655 | F12: 0.98185893 | G12: 16587 | H12: =G12/SUMIFS($G:$G,$A:$A,A12) -> 0.05193191 | I12: =H12*D12 -> 0.045049849 | J12: =H12^2*D12*(1-D12)/C12 -> 6.5965058e-06 | K12: =H12*E12 -> 0.04823262 | L12: =H12^2*E12*(1-E12)/C12 -> 3.7963066e-06 | M12: =H12*F12 -> 0.050989809 | N12: =H12^2*F12*(1-F12)/C12 -> 1.0220747e-06
A13: 2019 | B13: E6 | C13: 58 | D13: 0.98306871 | E13: 0.98306871 | F13: 1 | G13: 13337 | H13: =G13/SUMIFS($G:$G,$A:$A,A13) -> 0.041756549 | I13: =H13*D13 -> 0.041049557 | J13: =H13^2*D13*(1-D13)/C13 -> 5.0037435e-07 | K13: =H13*E13 -> 0.041049557 | L13: =H13^2*E13*(1-E13)/C13 -> 5.0037435e-07 | M13: =H13*F13 -> 0.041756549 | N13: =H13^2*F13*(1-F13)/C13 -> 0
... A49: 2025 | B49: E6 | C49: 12 | D49: 1 | E49: 0.93555715 | F49: 1 | G49: 13768 | H49: =G49/SUMIFS($G:$G,$A:$A,A49) -> 0.041734871 | I49: =H49*D49 -> 0.041734871 | J49: =H49^2*D49*(1-D49)/C49 -> 0 | K49: =H49*E49 -> 0.039045357 | L49: =H49^2*E49*(1-E49)/C49 -> 8.7510862e-06 | M49: =H49*F49 -> 0.041734871 | N49: =H49^2*F49*(1-F49)/C49 -> 0
A51: Fuentes: % por estrato = ECV DANE (P1077S11 AC, S12 ventilador, S2 nevera), Barranquilla, ponderado con FEX_C (ECV_2018_2025_Barranquilla_tenencia_por_estrato.csv).
A52: Suscriptores = SUI ele_com_096, Barranquilla urbano residencial, diciembre de cada año, suma de comercializadoras (SUI_Barranquilla_urbano_residencial_2015_2026.csv).
A53: Varianza: muestreo aleatorio simple por estrato, sin efecto de diseño. Cuando p = 0 o 1 (E6) el estrato aporta varianza 0; ver columna Agresti–Coull en Resumen.
A54: Se excluyen hogares sin estrato (grupo 0: rurales y sin dato), porque el SUI solo reparte suscriptores en E1–E6.
